id,category,title,energy,spoon_cost,tags,status,priority,created_at
1,Health & Daily Care,‚ÄúMeds Dashboard‚Äù ‚Äî visual tracker with pill icons and refill countdowns.,Varies,,,Backlog,P2,2025-10-11T03:24:04.158614Z
2,Health & Daily Care,"‚ÄúVitals Snapshot‚Äù ‚Äî auto-log BP, O‚ÇÇ, and heart rate trends.",Varies,,,Backlog,P2,2025-10-11T03:24:04.158614Z
3,Health & Daily Care,Gentle ‚ÄúTake Meds‚Äù voice reminders with calming tones.,Varies,,,Backlog,P2,2025-10-11T03:24:04.158614Z
4,Health & Daily Care,Spoon meter synced to calendar tasks.,Varies,,,Backlog,P2,2025-10-11T03:24:04.158614Z
5,Health & Daily Care,"‚ÄúBody Forecast‚Äù feature (‚ÄúSunny, Cloudy, Stormy‚Äù) like your Feelings Forecast.",Varies,,,Backlog,P2,2025-10-11T03:24:04.158614Z
6,Health & Daily Care,Physical therapy animation coach.,Varies,,,Backlog,P2,2025-10-11T03:24:04.158614Z
7,Health & Daily Care,"Symptom correlation graph (pain vs. weather, stress, sleep).",Varies,,,Backlog,P2,2025-10-11T03:24:04.158614Z
8,Health & Daily Care,Auto-generate doctor visit summaries.,Varies,,,Backlog,P2,2025-10-11T03:24:04.158614Z
9,Health & Daily Care,Pain flare prediction using weather + HRV data.,Varies,,,Backlog,P2,2025-10-11T03:24:04.158614Z
10,Health & Daily Care,Track meds with barcode scanning.,Varies,,,Backlog,P2,2025-10-11T03:24:04.158614Z
11,Health & Daily Care,Home-aid shift logbook.,Varies,,,Backlog,P2,2025-10-11T03:24:04.158614Z
12,Health & Daily Care,‚ÄúKol‚Äôs Care Binder‚Äù digital version of the printed binder.,Varies,,,Backlog,P2,2025-10-11T03:24:04.158614Z
13,Health & Daily Care,Visual hydration tracker (bottles fill as you drink).,Varies,,,Backlog,P2,2025-10-11T03:24:04.158614Z
14,Health & Daily Care,‚ÄúEmergency Mode‚Äù quick-launch wallpaper and contacts.,Varies,,,Backlog,P2,2025-10-11T03:24:04.158614Z
15,Health & Daily Care,Emergency audio player with grounding script (‚ÄúYou‚Äôre safe. I‚Äôm here.‚Äù).,Varies,,,Backlog,P2,2025-10-11T03:24:04.158614Z
16,Health & Daily Care,Auto-send SOS to partners when vitals spike.,Varies,,,Backlog,P2,2025-10-11T03:24:04.158614Z
17,Health & Daily Care,Appointment companion checklist generator.,Varies,,,Backlog,P2,2025-10-11T03:24:04.158614Z
18,Health & Daily Care,‚ÄúQuiet Mode‚Äù toggle for sensory overload.,Varies,,,Backlog,P2,2025-10-11T03:24:04.158614Z
19,Health & Daily Care,"Accessibility-friendly task cards (large fonts, low-stim).",Varies,,,Backlog,P2,2025-10-11T03:24:04.158614Z
20,Health & Daily Care,‚ÄúRest Reminder‚Äù with dark-screen timer.,Varies,,,Backlog,P2,2025-10-11T03:24:04.158614Z
21,Health & Daily Care,Auto-fill med forms using stored data.,Varies,,,Backlog,P2,2025-10-11T03:24:04.158614Z
22,Health & Daily Care,Gentle morning startup (‚ÄúStretch + Check Meds‚Äù guided).,Varies,,,Backlog,P2,2025-10-11T03:24:04.158614Z
23,Health & Daily Care,Crash Log ‚Äî record triggers when you faint or dissociate.,Varies,,,Backlog,P2,2025-10-11T03:24:04.158614Z
24,Health & Daily Care,AI symptom note-taker from voice dictation.,Varies,,,Backlog,P2,2025-10-11T03:24:04.158614Z
25,Health & Daily Care,Track supplements and salt intake.,Varies,,,Backlog,P2,2025-10-11T03:24:04.158614Z
26,Health & Daily Care,Reminder for compression garments / braces.,Varies,,,Backlog,P2,2025-10-11T03:24:04.158614Z
27,Health & Daily Care,Adaptive text speed for brain-fog days.,Varies,,,Backlog,P2,2025-10-11T03:24:04.158614Z
28,Health & Daily Care,"Multi-condition flare log (POTS, EDS, arthritis).",Varies,,,Backlog,P2,2025-10-11T03:24:04.158614Z
29,Health & Daily Care,Joint-safety library with illustrations.,Varies,,,Backlog,P2,2025-10-11T03:24:04.158614Z
30,Health & Daily Care,‚ÄúHealth History Timeline‚Äù showing care milestones.,Varies,,,Backlog,P2,2025-10-11T03:24:04.158614Z
31,Health & Daily Care,Quiet recovery playlist integration.,Varies,,,Backlog,P2,2025-10-11T03:24:04.158614Z
32,Health & Daily Care,Pain visualization art tool.,Varies,,,Backlog,P2,2025-10-11T03:24:04.158614Z
33,Health & Daily Care,Voice journal: record pain + emotions hands-free.,Varies,,,Backlog,P2,2025-10-11T03:24:04.158614Z
34,Health & Daily Care,Medication allergy auto-alert.,Varies,,,Backlog,P2,2025-10-11T03:24:04.158614Z
35,Health & Daily Care,Doctor directory filtered by trauma-informed practice.,Varies,,,Backlog,P2,2025-10-11T03:24:04.158614Z
36,Health & Daily Care,EDS-friendly exercise suggestions.,Varies,,,Backlog,P2,2025-10-11T03:24:04.158614Z
37,Health & Daily Care,‚ÄúHydrate with me‚Äù gamified progress bar.,Varies,,,Backlog,P2,2025-10-11T03:24:04.158614Z
38,Health & Daily Care,Automated refill order reminders.,Varies,,,Backlog,P2,2025-10-11T03:24:04.158614Z
39,Health & Daily Care,Visual heat/cool therapy timer.,Varies,,,Backlog,P2,2025-10-11T03:24:04.158614Z
40,Health & Daily Care,‚ÄúCrisis De-escalation‚Äù guided breathing script.,Varies,,,Backlog,P2,2025-10-11T03:24:04.158614Z
41,Mental Health & Emotional Regulation,‚ÄúBrain Weather‚Äù mood tracker with emojis.,Varies,,,Backlog,P2,2025-10-11T03:24:04.158614Z
42,Mental Health & Emotional Regulation,AI companion reads your emotional cues and offers grounding.,Varies,,,Backlog,P2,2025-10-11T03:24:04.158614Z
43,Mental Health & Emotional Regulation,"Personalized grounding room with sounds, visuals, quotes.",Varies,,,Backlog,P2,2025-10-11T03:24:04.158614Z
44,Mental Health & Emotional Regulation,‚ÄúMeltdown Protocol‚Äù one-tap checklist for supporters.,Varies,,,Backlog,P2,2025-10-11T03:24:04.158614Z
45,Mental Health & Emotional Regulation,‚ÄúSafe Word‚Äù system linked to auto-messages.,Varies,,,Backlog,P2,2025-10-11T03:24:04.158614Z
46,Mental Health & Emotional Regulation,Rejection Sensitivity (RSD) log + soothing affirmations.,Varies,,,Backlog,P2,2025-10-11T03:24:04.158614Z
47,Mental Health & Emotional Regulation,‚ÄúVoice of Support‚Äù audio bank (partners‚Äô recorded reassurances).,Varies,,,Backlog,P2,2025-10-11T03:24:04.158614Z
48,Mental Health & Emotional Regulation,Positive memory vault ‚Äî ‚Äúmoments I survived.‚Äù,Varies,,,Backlog,P2,2025-10-11T03:24:04.158614Z
49,Mental Health & Emotional Regulation,"Shadow journal ‚Äî for intrusive thoughts, locked & encrypted.",Varies,,,Backlog,P2,2025-10-11T03:24:04.158614Z
50,Mental Health & Emotional Regulation,‚ÄúPermission Slip‚Äù button (‚ÄúYou are allowed to rest.‚Äù).,Varies,,,Backlog,P2,2025-10-11T03:24:04.158614Z
51,Mental Health & Emotional Regulation,Daily gratitude or micro-joy capture.,Varies,,,Backlog,P2,2025-10-11T03:24:04.158614Z
52,Mental Health & Emotional Regulation,‚ÄúTherapy Notes Companion‚Äù with session summary export.,Varies,,,Backlog,P2,2025-10-11T03:24:04.158614Z
53,Mental Health & Emotional Regulation,‚ÄúCrisis Lantern‚Äù visual to alert friends silently.,Varies,,,Backlog,P2,2025-10-11T03:24:04.158614Z
54,Mental Health & Emotional Regulation,AI-assisted journaling (‚ÄúWould you like to reframe this thought?‚Äù).,Varies,,,Backlog,P2,2025-10-11T03:24:04.158614Z
55,Mental Health & Emotional Regulation,Safe playlist auto-starts when stress detected.,Varies,,,Backlog,P2,2025-10-11T03:24:04.158614Z
56,Mental Health & Emotional Regulation,Coping strategy randomizer (‚ÄúPick a comfort ritual‚Äù).,Varies,,,Backlog,P2,2025-10-11T03:24:04.158614Z
57,Mental Health & Emotional Regulation,Daily validation card draw (‚ÄúYour pain is real‚Äù).,Varies,,,Backlog,P2,2025-10-11T03:24:04.158614Z
58,Mental Health & Emotional Regulation,Flashback grounding mode with haptic cue.,Varies,,,Backlog,P2,2025-10-11T03:24:04.158614Z
59,Mental Health & Emotional Regulation,Emotional regulation timeline chart.,Varies,,,Backlog,P2,2025-10-11T03:24:04.158614Z
60,Mental Health & Emotional Regulation,Guided self-compassion meditations.,Varies,,,Backlog,P2,2025-10-11T03:24:04.158614Z
61,Mental Health & Emotional Regulation,Inner-child care module.,Varies,,,Backlog,P2,2025-10-11T03:24:04.158614Z
62,Mental Health & Emotional Regulation,‚ÄúYou‚Äôre Not Broken‚Äù affirmation wall.,Varies,,,Backlog,P2,2025-10-11T03:24:04.158614Z
63,Mental Health & Emotional Regulation,"Track emotional triggers by context (family, doctor, work).",Varies,,,Backlog,P2,2025-10-11T03:24:04.158614Z
64,Mental Health & Emotional Regulation,Gentle night-check: ‚ÄúAre you ready to rest your brain?‚Äù,Varies,,,Backlog,P2,2025-10-11T03:24:04.158614Z
65,Mental Health & Emotional Regulation,"Digital worry jar ‚Äî drop thoughts, archive later.",Varies,,,Backlog,P2,2025-10-11T03:24:04.158614Z
66,Mental Health & Emotional Regulation,AI therapist-assistant for script rehearsal.,Varies,,,Backlog,P2,2025-10-11T03:24:04.158614Z
67,Mental Health & Emotional Regulation,Breathing visualizer synced to calming music.,Varies,,,Backlog,P2,2025-10-11T03:24:04.158614Z
68,Mental Health & Emotional Regulation,Body scan narration in your own voice.,Varies,,,Backlog,P2,2025-10-11T03:24:04.158614Z
69,Mental Health & Emotional Regulation,Gratitude letters archive.,Varies,,,Backlog,P2,2025-10-11T03:24:04.158614Z
70,Mental Health & Emotional Regulation,Sleep companion: voice-guided decompression with playlist.,Varies,,,Backlog,P2,2025-10-11T03:24:04.158614Z
71,Mental Health & Emotional Regulation,Panic plan card pop-up.,Varies,,,Backlog,P2,2025-10-11T03:24:04.158614Z
72,Mental Health & Emotional Regulation,‚ÄúEnergy Accounting‚Äù weekly reflection chart.,Varies,,,Backlog,P2,2025-10-11T03:24:04.158614Z
73,Mental Health & Emotional Regulation,"Daily ‚Äúwin‚Äù badge, even for resting.",Varies,,,Backlog,P2,2025-10-11T03:24:04.158614Z
74,Mental Health & Emotional Regulation,‚ÄúTalkback‚Äù practice to medical gaslighting.,Varies,,,Backlog,P2,2025-10-11T03:24:04.158614Z
75,Mental Health & Emotional Regulation,Self-soothing art prompts.,Varies,,,Backlog,P2,2025-10-11T03:24:04.158614Z
76,Relationships & Support Circle,"Dynamic ‚ÄúSupport Web‚Äù map linking partners, mom, friends, aids.",Varies,,,Backlog,P2,2025-10-11T03:24:04.158614Z
77,Relationships & Support Circle,Shared care schedule board.,Varies,,,Backlog,P2,2025-10-11T03:24:04.158614Z
78,Relationships & Support Circle,Partner communication journal synced to app.,Varies,,,Backlog,P2,2025-10-11T03:24:04.158614Z
79,Relationships & Support Circle,Daily check-in scheduler from the Partner Script Pack.,Varies,,,Backlog,P2,2025-10-11T03:24:04.158614Z
80,Relationships & Support Circle,Voice-memo love exchange archive.,Varies,,,Backlog,P2,2025-10-11T03:24:04.158614Z
81,Relationships & Support Circle,AI tone coach ‚Äî rewrites texts for clarity/kindness.,Varies,,,Backlog,P2,2025-10-11T03:24:04.158614Z
82,Relationships & Support Circle,‚ÄúThank-You Tracker‚Äù ‚Äî mark when to express gratitude.,Varies,,,Backlog,P2,2025-10-11T03:24:04.158614Z
83,Relationships & Support Circle,Shared goal list for each relationship.,Varies,,,Backlog,P2,2025-10-11T03:24:04.158614Z
84,Relationships & Support Circle,Emotional weather sync between partners.,Varies,,,Backlog,P2,2025-10-11T03:24:04.158614Z
85,Relationships & Support Circle,Relationship balance meter (quality time vs. logistics).,Varies,,,Backlog,P2,2025-10-11T03:24:04.158614Z
86,Relationships & Support Circle,"Shared media queue (anime, K-dramas).",Varies,,,Backlog,P2,2025-10-11T03:24:04.158614Z
87,Relationships & Support Circle,Care rotation planner for mom vs. Da‚ÄôVeon vs. Quincy.,Varies,,,Backlog,P2,2025-10-11T03:24:04.158614Z
88,Relationships & Support Circle,Conflict repair template.,Varies,,,Backlog,P2,2025-10-11T03:24:04.158614Z
89,Relationships & Support Circle,Partner reflection prompts after fights.,Varies,,,Backlog,P2,2025-10-11T03:24:04.158614Z
90,Relationships & Support Circle,"‚ÄúCheck-In Reminder‚Äù (morning, midday, evening).",Varies,,,Backlog,P2,2025-10-11T03:24:04.158614Z
91,Relationships & Support Circle,‚ÄúI-Love-You Log‚Äù of affirmations received/sent.,Varies,,,Backlog,P2,2025-10-11T03:24:04.158614Z
92,Relationships & Support Circle,Hug counter (digital deep-pressure log).,Varies,,,Backlog,P2,2025-10-11T03:24:04.158614Z
93,Relationships & Support Circle,"Calendar of small rituals (coffee, gaming).",Varies,,,Backlog,P2,2025-10-11T03:24:04.158614Z
94,Relationships & Support Circle,Couple therapy prep worksheet.,Varies,,,Backlog,P2,2025-10-11T03:24:04.158614Z
95,Relationships & Support Circle,‚ÄúJealousy Journal‚Äù for poly balance.,Varies,,,Backlog,P2,2025-10-11T03:24:04.158614Z
96,Relationships & Support Circle,Partner scorecards (celebration-focused).,Varies,,,Backlog,P2,2025-10-11T03:24:04.158614Z
97,Relationships & Support Circle,‚ÄúShared Spoons‚Äù board for load balancing.,Varies,,,Backlog,P2,2025-10-11T03:24:04.158614Z
98,Relationships & Support Circle,Poly network visualization (no hierarchy).,Varies,,,Backlog,P2,2025-10-11T03:24:04.158614Z
99,Relationships & Support Circle,‚ÄúDate Ideas Generator‚Äù with energy filters.,Varies,,,Backlog,P2,2025-10-11T03:24:04.158614Z
100,Relationships & Support Circle,‚ÄúNo Talk Needed‚Äù hangout scheduler.,Varies,,,Backlog,P2,2025-10-11T03:24:04.158614Z
101,Relationships & Support Circle,‚ÄúAffirmation Mixer‚Äù ‚Äî randomizes recorded love notes.,Varies,,,Backlog,P2,2025-10-11T03:24:04.158614Z
102,Relationships & Support Circle,Love language tracker.,Varies,,,Backlog,P2,2025-10-11T03:24:04.158614Z
103,Relationships & Support Circle,"Pet-ritual reminders (walks, cuddles).",Varies,,,Backlog,P2,2025-10-11T03:24:04.158614Z
104,Relationships & Support Circle,Shared grocery + meal board.,Varies,,,Backlog,P2,2025-10-11T03:24:04.158614Z
105,Relationships & Support Circle,Shared music collaboration board.,Varies,,,Backlog,P2,2025-10-11T03:24:04.158614Z
106,Disability & Advocacy Tools,‚ÄúSelf-Advocacy Scripts‚Äù generator by scenario.,Varies,,,Backlog,P2,2025-10-11T03:24:04.158614Z
107,Disability & Advocacy Tools,Save favorite script tone (Warm/Firm/Calm).,Varies,,,Backlog,P2,2025-10-11T03:24:04.158614Z
108,Disability & Advocacy Tools,Export scripts to PDF cards.,Varies,,,Backlog,P2,2025-10-11T03:24:04.158614Z
109,Disability & Advocacy Tools,Disability rights resource hub.,Varies,,,Backlog,P2,2025-10-11T03:24:04.158614Z
110,Disability & Advocacy Tools,Legal forms autofill + storage.,Varies,,,Backlog,P2,2025-10-11T03:24:04.158614Z
111,Disability & Advocacy Tools,Track advocacy wins.,Varies,,,Backlog,P2,2025-10-11T03:24:04.158614Z
112,Disability & Advocacy Tools,Auto-detect and tag microaggressions in transcripts.,Varies,,,Backlog,P2,2025-10-11T03:24:04.158614Z
113,Disability & Advocacy Tools,‚ÄúSpeak-for-Me‚Äù mode: plays pre-recorded advocacy lines.,Varies,,,Backlog,P2,2025-10-11T03:24:04.158614Z
114,Disability & Advocacy Tools,Track benefit applications and deadlines.,Varies,,,Backlog,P2,2025-10-11T03:24:04.158614Z
115,Disability & Advocacy Tools,‚ÄúDocument Uploader‚Äù for medical evidence.,Varies,,,Backlog,P2,2025-10-11T03:24:04.158614Z
116,Disability & Advocacy Tools,‚ÄúSystem Map‚Äù visualizing agencies + points of contact.,Varies,,,Backlog,P2,2025-10-11T03:24:04.158614Z
117,Disability & Advocacy Tools,Journal for appeals progress.,Varies,,,Backlog,P2,2025-10-11T03:24:04.158614Z
118,Disability & Advocacy Tools,Insurance call log recorder.,Varies,,,Backlog,P2,2025-10-11T03:24:04.158614Z
119,Disability & Advocacy Tools,Accessibility audit checklist for events.,Varies,,,Backlog,P2,2025-10-11T03:24:04.158614Z
120,Disability & Advocacy Tools,‚ÄúWrite-to-Representative‚Äù template hub.,Varies,,,Backlog,P2,2025-10-11T03:24:04.158614Z
121,Disability & Advocacy Tools,Mutual aid network map.,Varies,,,Backlog,P2,2025-10-11T03:24:04.158614Z
122,Disability & Advocacy Tools,Peer advocate directory.,Varies,,,Backlog,P2,2025-10-11T03:24:04.158614Z
123,Disability & Advocacy Tools,‚ÄúRights Reminder‚Äù pop-up during appointments.,Varies,,,Backlog,P2,2025-10-11T03:24:04.158614Z
124,Disability & Advocacy Tools,Auto-generate letter for accommodation requests.,Varies,,,Backlog,P2,2025-10-11T03:24:04.158614Z
125,Disability & Advocacy Tools,Protest safety kit checklist.,Varies,,,Backlog,P2,2025-10-11T03:24:04.158614Z
126,Disability & Advocacy Tools,Local disability law cheat sheet.,Varies,,,Backlog,P2,2025-10-11T03:24:04.158614Z
127,Disability & Advocacy Tools,Accessible rest-stop locator.,Varies,,,Backlog,P2,2025-10-11T03:24:04.158614Z
128,Disability & Advocacy Tools,Trauma-informed doctor directory.,Varies,,,Backlog,P2,2025-10-11T03:24:04.158614Z
129,Disability & Advocacy Tools,Intersectionality reflection log.,Varies,,,Backlog,P2,2025-10-11T03:24:04.158614Z
130,Disability & Advocacy Tools,Advocacy badge system (level up with wins).,Varies,,,Backlog,P2,2025-10-11T03:24:04.158614Z
131,"Organization, Planning & Automation",Energy-adaptive calendar (low/medium/high days).,Varies,,,Backlog,P2,2025-10-11T03:24:04.158614Z
132,"Organization, Planning & Automation",‚ÄúRest Slot‚Äù auto-inserts into busy days.,Varies,,,Backlog,P2,2025-10-11T03:24:04.158614Z
133,"Organization, Planning & Automation",Auto-summarize day into journal format.,Varies,,,Backlog,P2,2025-10-11T03:24:04.158614Z
134,"Organization, Planning & Automation",Task clustering by spoon cost.,Varies,,,Backlog,P2,2025-10-11T03:24:04.158614Z
135,"Organization, Planning & Automation",Voice-to-task quick add.,Varies,,,Backlog,P2,2025-10-11T03:24:04.158614Z
136,"Organization, Planning & Automation",‚ÄúBrain Fog Mode‚Äù ‚Äî simplify interface.,Varies,,,Backlog,P2,2025-10-11T03:24:04.158614Z
137,"Organization, Planning & Automation",Weekly rhythm generator (with flare-day buffer).,Varies,,,Backlog,P2,2025-10-11T03:24:04.158614Z
138,"Organization, Planning & Automation",‚ÄúBefore You Leave‚Äù checklist for outings.,Varies,,,Backlog,P2,2025-10-11T03:24:04.158614Z
139,"Organization, Planning & Automation",‚ÄúAftercare Planner‚Äù for post-event recovery.,Varies,,,Backlog,P2,2025-10-11T03:24:04.158614Z
140,"Organization, Planning & Automation",Smart grocery assistant (auto-reorder safe foods).,Varies,,,Backlog,P2,2025-10-11T03:24:04.158614Z
141,"Organization, Planning & Automation",Home routine dashboard (mirror printed guide).,Varies,,,Backlog,P2,2025-10-11T03:24:04.158614Z
142,"Organization, Planning & Automation",Cleaning gamified (mini achievements).,Varies,,,Backlog,P2,2025-10-11T03:24:04.158614Z
143,"Organization, Planning & Automation",Auto-text housemate checklists.,Varies,,,Backlog,P2,2025-10-11T03:24:04.158614Z
144,"Organization, Planning & Automation",Visual pet-care tracker.,Varies,,,Backlog,P2,2025-10-11T03:24:04.158614Z
145,"Organization, Planning & Automation",Energy-aware alarm clock (snooze suggestions).,Varies,,,Backlog,P2,2025-10-11T03:24:04.158614Z
146,"Organization, Planning & Automation",Smart mirror link for morning summary.,Varies,,,Backlog,P2,2025-10-11T03:24:04.158614Z
147,"Organization, Planning & Automation",‚ÄúSync with Notion‚Äù for cross-platform logging.,Varies,,,Backlog,P2,2025-10-11T03:24:04.158614Z
148,"Organization, Planning & Automation",‚ÄúMyChart Fetcher‚Äù for appointment imports.,Varies,,,Backlog,P2,2025-10-11T03:24:04.158614Z
149,"Organization, Planning & Automation",Export to Google Sheets for data backup.,Varies,,,Backlog,P2,2025-10-11T03:24:04.158614Z
150,"Organization, Planning & Automation",Auto-tag journal entries by theme.,Varies,,,Backlog,P2,2025-10-11T03:24:04.158614Z
151,"Organization, Planning & Automation",Mood-task correlation graph.,Varies,,,Backlog,P2,2025-10-11T03:24:04.158614Z
152,"Organization, Planning & Automation",Weekly reflection summary card.,Varies,,,Backlog,P2,2025-10-11T03:24:04.158614Z
153,"Organization, Planning & Automation",Visual clutter tracker (‚Äúwhat‚Äôs left to clean‚Äù).,Varies,,,Backlog,P2,2025-10-11T03:24:04.158614Z
154,"Organization, Planning & Automation",‚ÄúBinder Builder‚Äù for printed updates.,Varies,,,Backlog,P2,2025-10-11T03:24:04.158614Z
155,"Organization, Planning & Automation",Smart notifications (‚Äútime to switch tasks‚Äù).,Varies,,,Backlog,P2,2025-10-11T03:24:04.158614Z
156,"Organization, Planning & Automation",‚ÄúBody Weather‚Äù & ‚ÄúTo-Do‚Äù integrated screen.,Varies,,,Backlog,P2,2025-10-11T03:24:04.158614Z
157,"Organization, Planning & Automation",Adaptive focus timer for ADHD pacing.,Varies,,,Backlog,P2,2025-10-11T03:24:04.158614Z
158,"Organization, Planning & Automation",‚ÄúStreak Reset‚Äù ‚Äî remove guilt for missed days.,Varies,,,Backlog,P2,2025-10-11T03:24:04.158614Z
159,"Organization, Planning & Automation",One-click summary for care team.,Varies,,,Backlog,P2,2025-10-11T03:24:04.158614Z
160,"Organization, Planning & Automation",‚ÄúSleep Log‚Äù integrated with playlists.,Varies,,,Backlog,P2,2025-10-11T03:24:04.158614Z
161,Communication & Safety,‚ÄúEmergency Wallet Card‚Äù QR code version.,Varies,,,Backlog,P2,2025-10-11T03:24:04.158614Z
162,Communication & Safety,‚ÄúWho to Call‚Äù hierarchy automation.,Varies,,,Backlog,P2,2025-10-11T03:24:04.158614Z
163,Communication & Safety,Voice-command emergency trigger.,Varies,,,Backlog,P2,2025-10-11T03:24:04.158614Z
164,Communication & Safety,‚ÄúIf I Freeze‚Äù audio plays automatically.,Varies,,,Backlog,P2,2025-10-11T03:24:04.158614Z
165,Communication & Safety,Share current location + vitals.,Varies,,,Backlog,P2,2025-10-11T03:24:04.158614Z
166,Communication & Safety,‚ÄúCalm Mode‚Äù locks screen brightness + loud sounds.,Varies,,,Backlog,P2,2025-10-11T03:24:04.158614Z
167,Communication & Safety,SOS pre-text to contacts.,Varies,,,Backlog,P2,2025-10-11T03:24:04.158614Z
168,Communication & Safety,Daily safety check-in ping.,Varies,,,Backlog,P2,2025-10-11T03:24:04.158614Z
169,Communication & Safety,Medical alert companion for Apple Watch.,Varies,,,Backlog,P2,2025-10-11T03:24:04.158614Z
170,Communication & Safety,"Grounding phrase playback (‚ÄúYou‚Äôre safe, breathe‚Äù).",Varies,,,Backlog,P2,2025-10-11T03:24:04.158614Z
171,Communication & Safety,AI voice for repeating scripts when speech blocked.,Varies,,,Backlog,P2,2025-10-11T03:24:04.158614Z
172,Communication & Safety,Smart home light cue for distress (soft purple glow).,Varies,,,Backlog,P2,2025-10-11T03:24:04.158614Z
173,Communication & Safety,Care team dashboard (Mom/Partners view).,Varies,,,Backlog,P2,2025-10-11T03:24:04.158614Z
174,Communication & Safety,Post-episode log auto-fills from voice note.,Varies,,,Backlog,P2,2025-10-11T03:24:04.158614Z
175,Communication & Safety,‚ÄúCrisis Replay‚Äù file to review with therapist.,Varies,,,Backlog,P2,2025-10-11T03:24:04.158614Z
176,Communication & Safety,AI summarizer for medical appointments.,Varies,,,Backlog,P2,2025-10-11T03:24:04.158614Z
177,Communication & Safety,‚ÄúSilent Alarm‚Äù for dissociation detection.,Varies,,,Backlog,P2,2025-10-11T03:24:04.158614Z
178,Communication & Safety,Breathing animation on lock screen.,Varies,,,Backlog,P2,2025-10-11T03:24:04.158614Z
179,Communication & Safety,‚ÄúCPTSD Trigger Log‚Äù with pattern finder.,Varies,,,Backlog,P2,2025-10-11T03:24:04.158614Z
180,Communication & Safety,Partner alert: ‚ÄúShe‚Äôs shutting down‚Äù auto-message.,Varies,,,Backlog,P2,2025-10-11T03:24:04.158614Z
181,Communication & Safety,‚ÄúSafe Phrase Generator‚Äù for panic texting.,Varies,,,Backlog,P2,2025-10-11T03:24:04.158614Z
182,Communication & Safety,Calm text templates (‚ÄúNeed quiet support.‚Äù).,Varies,,,Backlog,P2,2025-10-11T03:24:04.158614Z
183,Communication & Safety,Daily grounding reminders.,Varies,,,Backlog,P2,2025-10-11T03:24:04.158614Z
184,Communication & Safety,‚ÄúMicro-break‚Äù notifications.,Varies,,,Backlog,P2,2025-10-11T03:24:04.158614Z
185,Communication & Safety,"‚ÄúEmotional Code Key‚Äù (ü¶î=quiet, üí•=vent).",Varies,,,Backlog,P2,2025-10-11T03:24:04.158614Z
186,"Spiritual, Hoodoo & Reflection Modules",Ancestral altar tracker.,Varies,,,Backlog,P2,2025-10-11T03:24:04.158614Z
187,"Spiritual, Hoodoo & Reflection Modules",Candle ritual scheduler (syncs with moon phases).,Varies,,,Backlog,P2,2025-10-11T03:24:04.158614Z
188,"Spiritual, Hoodoo & Reflection Modules",‚ÄúAncestor Messages‚Äù journal.,Varies,,,Backlog,P2,2025-10-11T03:24:04.158614Z
189,"Spiritual, Hoodoo & Reflection Modules",Hoodoo herb inventory.,Varies,,,Backlog,P2,2025-10-11T03:24:04.158614Z
190,"Spiritual, Hoodoo & Reflection Modules",Charm recipe library.,Varies,,,Backlog,P2,2025-10-11T03:24:04.158614Z
191,"Spiritual, Hoodoo & Reflection Modules",Tarot/affirmation card of the day.,Varies,,,Backlog,P2,2025-10-11T03:24:04.158614Z
192,"Spiritual, Hoodoo & Reflection Modules",Energy cleansing timer.,Varies,,,Backlog,P2,2025-10-11T03:24:04.158614Z
193,"Spiritual, Hoodoo & Reflection Modules",Dream log with symbolism analysis.,Varies,,,Backlog,P2,2025-10-11T03:24:04.158614Z
194,"Spiritual, Hoodoo & Reflection Modules",Protection sigil creator.,Varies,,,Backlog,P2,2025-10-11T03:24:04.158614Z
195,"Spiritual, Hoodoo & Reflection Modules",Daily prayer or intention reminder.,Varies,,,Backlog,P2,2025-10-11T03:24:04.158614Z
196,"Spiritual, Hoodoo & Reflection Modules",‚ÄúRest Ritual‚Äù checklist.,Varies,,,Backlog,P2,2025-10-11T03:24:04.158614Z
197,"Spiritual, Hoodoo & Reflection Modules",Moon phase influence log (pain correlation).,Varies,,,Backlog,P2,2025-10-11T03:24:04.158614Z
198,"Spiritual, Hoodoo & Reflection Modules",Gratitude altar camera feature.,Varies,,,Backlog,P2,2025-10-11T03:24:04.158614Z
199,"Spiritual, Hoodoo & Reflection Modules",‚ÄúHoodoo Recipes‚Äù section for oils & baths.,Varies,,,Backlog,P2,2025-10-11T03:24:04.158614Z
200,"Spiritual, Hoodoo & Reflection Modules",Ritual playlist sync.,Varies,,,Backlog,P2,2025-10-11T03:24:04.158614Z
201,"Spiritual, Hoodoo & Reflection Modules",‚ÄúSpirit Weather‚Äù mood tracker.,Varies,,,Backlog,P2,2025-10-11T03:24:04.158614Z
202,"Spiritual, Hoodoo & Reflection Modules","Offerings reminder (food, water, candles).",Varies,,,Backlog,P2,2025-10-11T03:24:04.158614Z
203,"Spiritual, Hoodoo & Reflection Modules",Spiritual community journal.,Varies,,,Backlog,P2,2025-10-11T03:24:04.158614Z
204,"Spiritual, Hoodoo & Reflection Modules",‚ÄúAncestor Quotes‚Äù randomizer.,Varies,,,Backlog,P2,2025-10-11T03:24:04.158614Z
205,"Spiritual, Hoodoo & Reflection Modules",‚ÄúHealing Altar‚Äù visualization room.,Varies,,,Backlog,P2,2025-10-11T03:24:04.158614Z
206,Creativity & Identity,"‚ÄúArt Therapy‚Äù module (draw your pain, color emotions).",Varies,,,Backlog,P2,2025-10-11T03:24:04.158614Z
207,Creativity & Identity,Poem & quote vault.,Varies,,,Backlog,P2,2025-10-11T03:24:04.158614Z
208,Creativity & Identity,Outfit & jewelry archive (for your fashion tracking).,Varies,,,Backlog,P2,2025-10-11T03:24:04.158614Z
209,Creativity & Identity,Wardrobe matcher with texture/sensory filters.,Varies,,,Backlog,P2,2025-10-11T03:24:04.158614Z
210,Creativity & Identity,‚ÄúDress-Up Mode‚Äù avatar mirror (from AI twin).,Varies,,,Backlog,P2,2025-10-11T03:24:04.158614Z
211,Creativity & Identity,"Virtual gallery of your art, photos, writing.",Varies,,,Backlog,P2,2025-10-11T03:24:04.158614Z
212,Creativity & Identity,‚ÄúCreative Energy Tracker.‚Äù,Varies,,,Backlog,P2,2025-10-11T03:24:04.158614Z
213,Creativity & Identity,Journal prompts for identity reflection.,Varies,,,Backlog,P2,2025-10-11T03:24:04.158614Z
214,Creativity & Identity,Custom sigil designer for self-protection.,Varies,,,Backlog,P2,2025-10-11T03:24:04.158614Z
215,Creativity & Identity,"‚ÄúPunk Scrapbook‚Äù feature (stickers, notes).",Varies,,,Backlog,P2,2025-10-11T03:24:04.158614Z
216,Creativity & Identity,Zine maker ‚Äî auto-layout your writings.,Varies,,,Backlog,P2,2025-10-11T03:24:04.158614Z
217,Creativity & Identity,Music visualizer for your playlists.,Varies,,,Backlog,P2,2025-10-11T03:24:04.158614Z
218,Creativity & Identity,Poly family photo archive with notes.,Varies,,,Backlog,P2,2025-10-11T03:24:04.158614Z
219,Creativity & Identity,‚ÄúMemory Capsule‚Äù ‚Äî lock entries for future you.,Varies,,,Backlog,P2,2025-10-11T03:24:04.158614Z
220,Creativity & Identity,‚ÄúHoodoo Art‚Äù ritual binder.,Varies,,,Backlog,P2,2025-10-11T03:24:04.158614Z
221,Creativity & Identity,‚ÄúBody Image‚Äù journal with affirmations.,Varies,,,Backlog,P2,2025-10-11T03:24:04.158614Z
222,Creativity & Identity,Voiceover diary (combine audio + visuals).,Varies,,,Backlog,P2,2025-10-11T03:24:04.158614Z
223,Creativity & Identity,‚ÄúCreative Rest‚Äù timer (art without pressure).,Varies,,,Backlog,P2,2025-10-11T03:24:04.158614Z
224,Creativity & Identity,Daily aesthetic board generator.,Varies,,,Backlog,P2,2025-10-11T03:24:04.158614Z
225,Creativity & Identity,‚ÄúDesign My Ritual Space‚Äù AR preview.,Varies,,,Backlog,P2,2025-10-11T03:24:04.158614Z
226,Creativity & Identity,Collage wall with rotating affirmations.,Varies,,,Backlog,P2,2025-10-11T03:24:04.158614Z
227,Creativity & Identity,‚ÄúQuote Me‚Äù ‚Äî random line from your poetry.,Varies,,,Backlog,P2,2025-10-11T03:24:04.158614Z
228,Creativity & Identity,‚ÄúSafe Music Zone‚Äù playlists by mood.,Varies,,,Backlog,P2,2025-10-11T03:24:04.158614Z
229,Creativity & Identity,‚ÄúCreate Together‚Äù shared sketchpad.,Varies,,,Backlog,P2,2025-10-11T03:24:04.158614Z
230,Creativity & Identity,‚ÄúDigital Time Capsule‚Äù for anniversaries or growth.,Varies,,,Backlog,P2,2025-10-11T03:24:04.158614Z
231,Community & Activism,Local activism calendar with accessibility filter.,Varies,,,Backlog,P2,2025-10-11T03:24:04.158614Z
232,Community & Activism,Volunteer hours tracker.,Varies,,,Backlog,P2,2025-10-11T03:24:04.158614Z
233,Community & Activism,"Organization impact map (Sunrise, Decarcerate KC, RareKC).",Varies,,,Backlog,P2,2025-10-11T03:24:04.158614Z
234,Community & Activism,Automated outreach message templates.,Varies,,,Backlog,P2,2025-10-11T03:24:04.158614Z
235,Community & Activism,Event sensory-friendly ratings.,Varies,,,Backlog,P2,2025-10-11T03:24:04.158614Z
236,Community & Activism,Protest accessibility guide builder.,Varies,,,Backlog,P2,2025-10-11T03:24:04.158614Z
237,Community & Activism,‚ÄúMutual Aid Alert‚Äù board.,Varies,,,Backlog,P2,2025-10-11T03:24:04.158614Z
238,Community & Activism,‚ÄúActivism Joy Log‚Äù ‚Äî track wins & hope moments.,Varies,,,Backlog,P2,2025-10-11T03:24:04.158614Z
239,Community & Activism,Collective goal dashboard for campaigns.,Varies,,,Backlog,P2,2025-10-11T03:24:04.158614Z
240,Community & Activism,Donation tracker and receipts.,Varies,,,Backlog,P2,2025-10-11T03:24:04.158614Z
241,Community & Activism,Safe-travel mode for protests.,Varies,,,Backlog,P2,2025-10-11T03:24:04.158614Z
242,Community & Activism,Petitions library with verification.,Varies,,,Backlog,P2,2025-10-11T03:24:04.158614Z
243,Community & Activism,‚ÄúActivist Rest‚Äù reminders (‚ÄúYou can‚Äôt pour from empty‚Äù).,Varies,,,Backlog,P2,2025-10-11T03:24:04.158614Z
244,Community & Activism,Social post scheduler with caption templates.,Varies,,,Backlog,P2,2025-10-11T03:24:04.158614Z
245,Community & Activism,‚ÄúCommunity Check-In‚Äù AI to message fellow organizers.,Varies,,,Backlog,P2,2025-10-11T03:24:04.158614Z
246,Community & Activism,Activism journaling space (‚ÄúWhat I learned today‚Äù).,Varies,,,Backlog,P2,2025-10-11T03:24:04.158614Z
247,Community & Activism,‚ÄúMovement Library‚Äù of orgs and causes.,Varies,,,Backlog,P2,2025-10-11T03:24:04.158614Z
248,Community & Activism,"Local resource map (housing, clinics, QT centers).",Varies,,,Backlog,P2,2025-10-11T03:24:04.158614Z
249,Community & Activism,Ally training quiz game.,Varies,,,Backlog,P2,2025-10-11T03:24:04.158614Z
250,Community & Activism,‚ÄúCelebrate the Wins‚Äù confetti animation after actions.,Varies,,,Backlog,P2,2025-10-11T03:24:04.158614Z
